name,geometry
P1,"POLYGON ((100.18143111111111 7.217542222222225, 100.18143111111111 7.176902222222226, 100.14079111111111 7.176902222222226, 100.14079111111111 7.217542222222225, 100.18143111111111 7.217542222222225))"
P2,"POLYGON ((100.51381444444446 7.283258888888893, 100.51381444444446 7.2445188888888925, 100.47507444444447 7.2445188888888925, 100.47507444444447 7.283258888888893, 100.51381444444446 7.283258888888893))"
